Mot,CECRL
maison,A1
statue,A1
sorte,A1
singe,A1
salutation,A1
sac,A1
rose,A1
roi,A1
revue,A1
revoir,A1
reproche,A1
remarque,A1
reine,A1
ramage,A1
rage,A1
produire,A1
prison,A1
poche,A1
plumier,A1
planche,A1
piste,A1
perle,A1
tarte,A1
tous,A1
tout,A1
usage,A1
chaque,A1
chapeau,A1
chantre,A1
canon,A1
campagne,A1
cadre,A1
brume,A1
borne,A1
bleu,A1
blanchir,A1
père,A1
blancheur,A1
bec,A1
barque,A1
aveugle,A1
autre,A1
ange,A1
voici,A1
ville,A1
village,A1
vapeur,A1
usine,A1
bille,A1
charitable,A1
parent,A1
nuage,A1
charge,A1
charbon,A1
chanson,A1
calcul,A1
cahier,A1
bouton,A1
bordure,A1
bonjour,A1
belge,A1
balle,A1
armoire,A1
ardeur,A1
agréable,A1
vue,A1
voleur,A1
visiteur,A1
visite,A1
visage,A1
vie,A1
toucher,A1
tartine,A1
chien,A1
cloche,A1
coin,A1
comme,A1
mouton,A1
meuble,A1
matinée,A1
main,A1
liste,A1
lire,A1
large,A1
lait,A1
jouer,A1
grand,A1
oncle,A1
fromage,A1
ferme,A1
double,A1
directeur,A1
dictée,A1
diable,A1
cuivre,A1
crime,A1
coupe,A1
couleur,A1
contre,A1
figure,A1
chef,A1
cochon,A1
contenu,A1
rendre,A1
regard,A1
redevenir,A1
rat,A1
rare,A1
punir,A1
profondeur,A1
proche,A1
prendre,A1
poule,A1
poudre,A1
porteur,A1
pondre,A1
pluie,A1
perche,A1
patte,A1
parvenir,A1
partie,A1
parfait,A1
pardon,A1
papier,A1
rien,A1
risque,A1
sabot,A1
sel,A1
volume,A1
vite,A1
visible,A1
vif,A1
vide,A1
victoire,A1
victime,A1
véritable,A1
vente,A1
vaste,A1
odeur,A1
vase,A1
trois,A1
tourner,A1
tombe,A1
toile,A1
timide,A1
tenue,A1
surprise,A1
soldat,A1
singulier,A1
signe,A1
valeur,A1
nuisible,A1
nid,A1
murmurer,A1
fruit,A1
force,A1
fois,A1
fleur,A1
finir,A1
fer,A1
fauve,A1
épine,A1
épargne,A1
entretenir,A1
garde,A1
entier,A1
écharpe,A1
dormir,A1
donc,A1
dessin,A1
dernier,A1
dent,A1
demain,A1
créature,A1
coupable,A1
corde,A1
écurie,A1
survenir,A1
gauche,A1
invisible,A1
murmure,A1
moteur,A1
mot,A1
moderne,A1
mode,A1
mercredi,A1
malin,A1
maître,A1
magique,A1
madame,A1
idée,A1
lueur,A1
liquide,A1
linge,A1
lièvre,A1
lettre,A1
larme,A1
lac,A1
labeur,A1
juillet,A1
joue,A1
jaune,A1
loup,A1
sortie,A1
sueur,A1
semaine,A1
fête,A1
étude,A1
enfant,A1
église,A1
devoir,A1
culture,A1
cheval,A1
chemin,A1
brave,A1
bouche,A1
avenir,A1
autour,A1
aube,A1
arme,A1
arbre,A1
animal,A1
triste,A1
sur,A1
soleil,A1
route,A1
poste,A1
image,A1
louer,A1
mardi,A1
même,A1
chaleur,A1
cave,A1
carton,A1
cage,A1
café,A1
bonne,A1
aviateur,A1
article,A1
année,A1
soupe,A1
poire,A1
solide,A1
rire,A1
retenir,A1
propre,A1
pouvoir,A1
poupée,A1
plume,A1
ordre,A1
niche,A1
moustache,A1
mort,A1
sage,A1
chambre,A1
plante,A1
mars,A1
sucre,A1
rouge,A1
nature,A1
livre,A1
cheminée,A1
carte,A1
bébé,A1
mal,A1
jardin,A1
école,A1
pour,A1
pipe,A1
maman,A1
été,A1
terre,A1
deux,A1
avec,A1
rue,A1
porte,A1
papa,A1
sol,A1
tête,A1
vache,A1
achat,A1
barbe,A1
lundi,A1
lui,A1
lapin,A1
jeudi,A1
homme,A1
fermier,A1
femme,A1
facteur,A1
chat,A1
brique,A1
moulin,A1
branche,A1
vendredi,A1
tuer,A1
soir,A1
robe,A1
rive,A1
revenir,A1
matin,A1
lion,A1
feu,A1
classe,A1
vigne,A1
chanteur,A1
table,A1
cœur,A1
fortement,A1
fleuve,A1
faute,A1
fabrique,A1
établir,A1
étable,A1
entre,A1
élève,A1
dans,A1
courage,A1
coude,A1
coucou,A1
convenir,A1
contenir,A1
confiture,A1
conduite,A1
compagnon,A1
chevelure,A1
chercher,A1
chemise,A1
chasseur,A1
froid,A1
futur,A1
gros,A1
journée,A1
sec,A1
charme,A1
ruche,A1
ronde,A1
réunir,A1
reste,A1
regarder,A1
peur,A1
personne,A1
pénible,A1
chasse,A1
orange,A1
neige,A1
musique,A1
monde,A1
moine,A1
miracle,A1
mineur,A1
matière,A1
mariage,A1
malade,A1
juste,A1
œuf,A1
cabine,A1
prince,A1
bon,A1
midi,A1
mère,A1
marque,A1
marche,A1
marbre,A1
maladie,A1
lit,A1
ligne,A1
libre,A1
lecture,A1
morne,A1
journal,A1
fortune,A1
fille,A1
famille,A1
écriture,A1
douleur,A1
devenir,A1
croix,A1
costume,A1
bord,A1
couche,A1
foudre,A1
octobre,A1
droite,A1
pauvre,A1
os,A1
blé,A1
astre,A1
artiste,A1
voiture,A1
tige,A1
tasse,A1
suite,A1
salade,A1
sable,A1
acte,A1
riche,A1
plus,A1
rude,A1
pomme,A1
premier,A1
bois,A1
proverbe,A1
boire,A1
rédaction,A1
relire,A1
remise,A1
retour,A1
sud,A2
repas,A2
répondre,A2
réponse,A2
réunion,A2
revivre,A2
rocher,A2
sacré,A2
saison,A2
salon,A2
salle,A2
surtout,A2
sapin,A2
satin,A2
série,A2
sot,A2
suave,A2
rentrer,A2
tabac,A2
soie,A2
proposition,A2
rarement,A2
pitié,A2
plaisir,A2
poésie,A2
taille,A2
point,A2
poisson,A2
pompe,A2
postal,A2
pot,A2
pourquoi,A2
pourvoir,A2
produit,A2
proprement,A2
puis,A2
puisque,A2
pupitre,A2
quelque,A2
racine,A2
raison,A2
religion,A2
tante,A2
aimer,A2
toit,A2
amusement,A2
avaler,A2
avenue,A2
avouer,A2
bas,A2
basse,A2
bêche,A2
bénédiction,A2
berger,A2
bœuf,A2
boisson,A2
bonté,A2
bouteille,A2
cabane,A2
cacher,A2
cadeau,A2
piété,A2
caisse,A2
calme,A2
ami,A2
allée,A2
aliment,A2
âge,A2
tombeau,A2
tomber,A2
tram,A2
tramway,A2
traverser,A2
trésor,A2
tristement,A2
trou,A2
troupe,A2
tenir,A2
unique,A2
vert,A2
vierge,A2
villa,A2
vitesse,A2
vivement,A2
volée,A2
wagon,A2
aboutir,A2
admirable,A2
utile,A2
pierre,A2
journalier,A2
perdre,A2
four,A2
fournir,A2
franc,A2
frère,A2
fuite,A2
gamin,A2
gardien,A2
gare,A2
garnir,A2
gibier,A2
grandeur,A2
gras,A2
grenouille,A2
heure,A2
ici,A2
indigne,A2
inscrire,A2
instrument,A2
jambe,A2
forge,A2
juge,A2
fontaine,A2
fauvette,A2
dieu,A2
canif,A2
directement,A2
domestique,A2
douloureux,A2
doux,A2
échapper,A2
échelle,A2
éclat,A2
écluse,A2
encrier,A2
enfin,A2
ensuite,A2
entreprendre,A2
entrevoir,A2
esprit,A2
éternel,A2
étoile,A2
étrange,A2
faveur,A2
jusque,A2
justement,A2
langue,A2
mouche,A2
mouchoir,A2
munir,A2
mur,A2
nappe,A2
noble,A2
nul,A2
objet,A2
obliger,A2
oiseau,A2
ombrage,A2
onde,A2
oui,A2
panier,A2
parcourir,A2
parole,A2
partout,A2
pendant,A2
pendre,A2
mortel,A2
montre,A2
montagne,A2
moment,A2
lever,A2
liberté,A2
ligue,A2
livrer,A2
locomotive,A2
lot,A2
lumière,A2
lutte,A2
mademoiselle,A2
périr,A2
mai,A2
mer,A2
merveille,A2
métier,A2
miette,A2
migrateur,A2
mine,A2
minute,A2
mirer,A2
moineau,A2
mais,A2
cantique,A2
paquet,A2
cause,A2
poursuite,A2
poutre,A2
préparation,A2
prévenir,A2
prise,A2
prix,A2
prochain,A2
promeneur,A2
promesse,A2
quarante,A2
quoi,A2
raisin,A2
rapide,A2
rapidement,A2
récréation,A2
reculer,A2
réfléchir,A2
refuge,A2
relativement,A2
possible,A2
remettre,A2
port,A2
plaie,A2
nouveau,A2
ornement,A2
ours,A2
ouvrir,A2
panache,A2
pantalon,A2
parfaitement,A2
parfum,A2
parler,A2
part,A2
particulier,A2
passé,A2
pêcher,A2
peine,A2
pendule,A2
péniblement,A2
pensée,A2
perfection,A2
pièce,A2
porc,A2
renouveau,A2
représentation,A2
réserve,A2
surface,A2
tapage,A2
tapis,A2
tel,A2
tendrement,A2
tente,A2
travail,A2
travailler,A2
travailleur,A2
trimestre,A2
vague,A2
veston,A2
viande,A2
voile,A2
volonté,A2
voltiger,A2
voyage,A2
yeux,A2
devant,A2
sujet,A2
suivant,A2
spectacle,A2
souper,A2
retrouver,A2
rigole,A2
romain,A2
ronger,A2
rougir,A2
rustique,A2
sagement,A2
sauver,A2
secourir,A2
note,A2
septembre,A2
s'évanouir,A2
silence,A2
simple,A2
soif,A2
soirée,A2
somme,A2
songer,A2
sonner,A2
sonore,A2
servir,A2
capable,A2
neuf,A2
musée,A2
digne,A2
divin,A2
dos,A2
drapeau,A2
également,A2
électrique,A2
émouvoir,A2
enfermer,A2
envie,A2
épaule,A2
époque,A2
espoir,A2
étage,A2
étendue,A2
étudiant,A2
explication,A2
farouche,A2
fixe,A2
foire,A2
dévouement,A2
fonction,A2
désordre,A2
demoiselle,A2
chameau,A2
changement,A2
chaud,A2
chaumière,A2
choisir,A2
clairon,A2
comment,A2
continuer,A2
cortège,A2
côté,A2
cou,A2
couler,A2
coureur,A2
courir,A2
crise,A2
cultivateur,A2
curé,A2
dangereux,A2
découvrir,A2
désireux,A2
garniture,A2
gelée,A2
glace,A2
marteau,A2
méchant,A2
mélodie,A2
ménage,A2
ménager,A2
mentir,A2
menuisier,A2
merci,A2
mesure,A2
minuscule,A2
misère,A2
modèle,A2
modeste,A2
mont,A2
monter,A2
morceau,A2
mordre,A2
mousse,A2
muscle,A2
marché,A2
marchandise,A2
marchand,A2
loi,A2
gorge,A2
gratitude,A2
grue,A2
guide,A2
hirondelle,A2
huit,A2
inférieur,A2
infirme,A2
infirmier,A2
net,A2
injure,A2
invitation,A2
jamais,A2
jardinage,A2
jeunesse,A2
jugement,A2
lécher,A2
lèvre,A2
lilas,A2
local,A2
intime,A2
destination,A2
faucheur,A2
dépenser,A2
pratique,A2
preuve,A2
prime,A2
problème,A2
procureur,A2
promenade,A2
provenir,A2
récolte,A2
redoutable,A2
renard,A2
rencontre,A2
reprise,A2
rétablir,A2
rivière,A2
robuste,A2
rosée,A2
sabre,A2
sacoche,A2
saint,A2
poulet,A2
samedi,A2
politique,A2
plumage,A2
moudre,A2
mouvoir,A2
multitude,A2
nation,A2
navire,A2
nez,A2
nom,A2
offre,A2
or,A2
orage,A2
oreille,A2
ouverture,A2
patrie,A2
patron,A2
petit,A2
pie,A2
pied,A2
place,A2
plage,A2
poitrine,A2
misérable,A2
sauvage,A2
siège,A2
verger,A2
vin,A2
vitre,A2
vitrine,A2
vivre,A2
voisin,A2
voisinage,A2
action,A2
adroit,A2
âme,A2
aussi,A2
avant,A2
avertir,A2
avoir,A2
bal,A2
banc,A2
banque,A2
bassin,A2
bataille,A2
verdure,A2
serviteur,A2
vent,A2
vendeur,A2
sœur,A2
sombre,A2
sortir,A2
sous,A2
soutenir,A2
spectateur,A2
suivre,A2
superbe,A2
tableau,A2
tablier,A2
terme,A2
tigre,A2
timbre,A2
tortue,A2
tour,A2
tranche,A2
trouble,A2
tulipe,A2
valise,A2
venir,A2
minuit,A2
ministre,A2
miel,A2
caverne,A2
chant,A2
chaudement,A2
chevalier,A2
clou,A2
combien,A2
commune,A2
compagne,A2
confrère,A2
corniche,A2
couper,A2
couverture,A2
crier,A2
décembre,A2
découverte,A2
dimanche,A2
dire,A2
division,A2
dix,A2
carabine,A2
duc,A2
canard,A2
brise,A2
depuis,A2
abeille,A2
amateur,A2
amour,A2
âne,A2
ardoise,A2
avion,A2
avril,A2
bande,A2
barquette,A2
beau,A2
bien,A2
bise,A2
bondir,A2
botte,A2
boucle,A2
boule,A2
boutique,A2
bras,A2
canal,A2
encre,A2
endormir,A2
entrée,A2
jouet,A2
joueur,A2
jour,A2
juin,A2
lampe,A2
laver,A2
légume,A2
lieu,A2
loin,A2
lune,A2
lunette,A2
machine,A2
magnifique,A2
marcher,A2
mauve,A2
mélange,A2
mémoire,A2
menu,A2
merle,A2
joli,A2
joie,A2
jardinier,A2
janvier,A2
épreuve,A2
esclave,A2
estrade,A2
étalage,A2
faire,A2
fée,A2
feuille,A2
fleurette,A2
fondre,A2
bazar,A2
formidable,A2
fumée,A2
fumer,A2
garçon,A2
gloire,A2
grammaire,A2
grenier,A2
gris,A2
haut,A2
insecte,A2
foule,A2
blouse,A2
herbe,A2
boulanger,A2
reprendre,A2
respiration,A2
roue,A2
ruelle,A2
sang,A2
savoir,A2
serviable,A2
seul,A2
si,A2
signature,A2
soulagement,A2
souvenir,A2
sport,A2
tache,A2
tirelire,A2
titre,A2
tordre,A2
train,A2
tribunal,A2
relatif,A2
tricolore,A2
régime,A2
rame,A2
pâte,A2
pays,A2
peau,A2
perte,A2
peuple,A2
plaque,A2
plat,A2
plonger,A2
pointe,A2
politesse,A2
prairie,A2
pratiquer,A2
presque,A2
prévoir,A2
prière,A2
production,A2
protecteur,A2
pur,A2
quatre,A2
réduire,A2
union,A2
utilité,A2
vendre,A2
carnet,A2
charité,A2
chose,A2
cinq,A2
cirque,A2
commun,A2
compagnie,A2
comparer,A2
confondre,A2
contribuer,A2
coq,A2
corbeau,A2
corne,A2
course,A2
coutume,A2
croire,A2
cuire,A2
demi,A2
boue,A2
car,A2
capitaine,A2
camion,A2
calculer,A2
vernir,A2
vieux,A2
violette,A2
voir,A2
voyageur,A2
affaiblir,A2
agent,A2
aile,A2
air,A2
partir,A2
bain,A2
besogne,A2
billet,A2
blanc,A2
bonheur,A2
bouquet,A2
bourse,A2
brochure,A2
brusque,A2
bureau,A2
balcon,A2
paire,A2
armée,A2
page,A2
douze,A2
durée,A2
eau,A2
écolier,A2
écrire,A2
encore,A2
engager,A2
énorme,A2
escalier,A2
farine,A2
fatigue,A2
favorable,A2
fenêtre,A2
fidèle,A2
fils,A2
fin,A2
foin,A2
forgeron,A2
forme,A2
doute,A2
docteur,A2
désagréable,A2
demande,A2
boulangerie,A2
paille,A2
cadavre,A2
chacun,A2
chapelle,A2
chocolat,A2
ciel,A2
clochette,A2
comble,A2
fort,A2
compliment,A2
convenable,A2
corbeille,A2
coton,A2
coudre,A2
cour,A2
cousin,A2
couvrir,A2
cuisine,A2
date,A2
conduire,A2
fou,A2
dame,A2
gerbe,A2
manger,A2
mari,A2
marquer,A2
matinal,A2
ménagerie,A2
menteur,A2
messe,A2
mois,A2
monstre,A2
lys,A2
mouvement,A2
muraille,A2
naturellement,A2
noir,A2
nombre,A2
nord,A2
nuit,A2
outre,A2
genre,A2
ouvrage,A2
multiple,A2
long,A2
motif,A2
limite,A2
grandir,A2
grave,A2
lis,A2
grive,A2
groupe,A2
hier,A2
hiver,A2
inconnu,A2
industrie,A2
inspecteur,A2
ouvrier,A2
instituteur,A2
intervenir,A2
jeune,A2
jouir,A2
joujou,A2
laboureur,A2
laine,A2
leçon,A2
contraire,B1
défenseur,B1
délicat,B1
délivrer,B1
dentelle,B1
détour,B1
désolation,B1
destinée,B1
déborder,B1
diriger,B1
disposition,B1
dénudé,B1
contrée,B1
cuisinière,B1
curieux,B1
cultiver,B1
distraction,B1
créateur,B1
craquement,B1
crainte,B1
couvercle,B1
conviction,B1
coup,B1
côte,B1
content,B1
danse,B1
couteau,B1
forger,B1
douceur,B1
généralement,B1
gazon,B1
généreux,B1
constater,B1
garder,B1
galerie,B1
fuir,B1
friandise,B1
former,B1
finalement,B1
femelle,B1
faucher,B1
faible,B1
facile,B1
exprimer,B1
exposition,B1
étroit,B1
être,B1
état,B1
épanouir,B1
environ,B1
endroit,B1
élégant,B1
économie,B1
éclater,B1
éblouir,B1
douter,B1
distrait,B1
consoler,B1
apprendre,B1
congé,B1
autrement,B1
autrefois,B1
automobile,B1
auberge,B1
attaque,B1
arracher,B1
argent,B1
ardent,B1
architecte,B1
arbuste,B1
arbitre,B1
angle,B1
avantage,B1
amicalement,B1
aimable,B1
agile,B1
acheteur,B1
vouloir,B1
vivant,B1
visiter,B1
violet,B1
vertu,B1
ventre,B1
grange,B1
valet,B1
valoir,B1
aise,B1
aventure,B1
bagage,B1
battre,B1
complet,B1
classique,B1
circulation,B1
cinquante,B1
cinéma,B1
cigarette,B1
chaussure,B1
chaussée,B1
chauffeur,B1
charbonnage,B1
chapitre,B1
ceux,B1
cerisier,B1
cent,B1
celui-ci,B1
celle-ci,B1
cadet,B1
brusquement,B1
broyer,B1
boucher,B1
bosquet,B1
bonsoir,B1
bloc,B1
bienfaiteur,B1
bienfait,B1
besoin,B1
beaucoup,B1
considérable,B1
graver,B1
soigner,B1
gronder,B1
simplement,B1
signal,B1
s'envoler,B1
secouer,B1
seau,B1
satisfait,B1
satisfaction,B1
santé,B1
sans,B1
saluer,B1
salir,B1
sacrifier,B1
six,B1
sacrement,B1
royaume,B1
roulotte,B1
rideau,B1
riant,B1
retentir,B1
rester,B1
replier,B1
réparer,B1
rentrée,B1
renoncule,B1
relation,B1
regagner,B1
ruiner,B1
soin,B1
soudain,B1
soulever,B1
zèle,B1
unir,B1
vôtre,B1
volet,B1
vol,B1
vigoureux,B1
vider,B1
veau,B1
vallée,B1
urgent,B1
troupeau,B1
trop,B1
tristesse,B1
tricot,B1
trente,B1
tirer,B1
terrain,B1
tentation,B1
temps,B1
tempête,B1
tas,B1
subitement,B1
subir,B1
station,B1
source,B1
souple,B1
soupirer,B1
redouter,B1
gravir,B1
redoubler,B1
ravage,B1
noisette,B1
neiger,B1
monument,B1
montrer,B1
moisson,B1
mettre,B1
mètre,B1
mélanger,B1
maternel,B1
mare,B1
malheureux,B1
maintenir,B1
nouvelle,B1
maigre,B1
justice,B1
jeu,B1
jaunir,B1
jambon,B1
irriter,B1
instructif,B1
infini,B1
indication,B1
honte,B1
histoire,B1
heureux,B1
hache,B1
lin,B1
noyer,B1
obéir,B1
ordinaire,B1
rapidité,B1
ramener,B1
quand,B1
qualité,B1
puissant,B1
puissance,B1
protection,B1
prospérité,B1
probablement,B1
principe,B1
princesse,B1
prier,B1
prétendre,B1
présenter,B1
préparatif,B1
pourtant,B1
poursuivre,B1
pourpre,B1
position,B1
planter,B1
peinture,B1
peintre,B1
particulièrement,B1
partager,B1
parapluie,B1
papillon,B1
paix,B1
rechercher,B1
trouver,B1
veille,B1
tournée,B1
fureur,B1
fourniture,B1
fourneau,B1
fendre,B1
fatiguer,B1
fabriquer,B1
étudier,B1
étoffe,B1
estime,B1
escalader,B1
équipage,B1
entendre,B1
fusil,B1
enfance,B1
encourir,B1
écouter,B1
duvet,B1
droit,B1
drap,B1
dont,B1
domicile,B1
diviser,B1
distribution,B1
direction,B1
dévouer,B1
dette,B1
énergie,B1
géographie,B1
gosse,B1
grain,B1
louange,B1
lorsque,B1
lisse,B1
lier,B1
lendemain,B1
largement,B1
laitier,B1
jurer,B1
joyeux,B1
ivre,B1
inutile,B1
introduction,B1
instruction,B1
insigne,B1
ingratitude,B1
illustre,B1
huile,B1
horloge,B1
heureusement,B1
hauteur,B1
haie,B1
habitation,B1
guerre,B1
grossir,B1
griffe,B1
gravure,B1
gravement,B1
détruire,B1
lourd,B1
détester,B1
déplaire,B1
brutal,B1
brun,B1
bruit,B1
briser,B1
bref,B1
brebis,B1
bougie,B1
bonbon,B1
bientôt,B1
beurre,B1
bête,B1
bavarder,B1
capital,B1
avis,B1
auteur,B1
aucun,B1
après,B1
approcher,B1
aller,B1
ajouter,B1
aide,B1
agréablement,B1
adieu,B1
actif,B1
acheter,B1
transformation,B1
averse,B1
cartable,B1
centime,B1
cercle,B1
dépendre,B1
démarche,B1
dedans,B1
début,B1
d'après,B1
danger,B1
cristal,B1
crépuscule,B1
courageusement,B1
coucher,B1
copier,B1
conversation,B1
continuellement,B1
conte,B1
construction,B1
consolation,B1
comprendre,B1
colorer,B1
clocher,B1
client,B1
chute,B1
cher,B1
chaume,B1
charmer,B1
chanter,B1
chaise,B1
chagrin,B1
désigner,B1
lugubre,B1
carré,B1
manque,B1
sagesse,B1
sacrifice,B1
ruine,B1
ruban,B1
rouler,B1
rosier,B1
riz,B1
richesse,B1
rêve,B1
respectueux,B1
respecter,B1
repos,B1
sauter,B1
repentir,B1
renouvellement,B1
remplir,B1
remonter,B1
réjouir,B1
région,B1
régiment,B1
refrain,B1
redire,B1
recourir,B1
recherche,B1
rayon,B1
ravir,B1
répartir,B1
savant,B1
savon,B1
secret,B1
touffe,B1
luire,B1
tonneau,B1
ton,B1
terrible,B1
terreur,B1
tendresse,B1
tendre,B1
témoin,B1
taire,B1
tailleur,B1
souverain,B1
souvent,B1
souris,B1
soupir,B1
soulier,B1
soulager,B1
solitude,B1
soigneusement,B1
sobre,B1
situation,B1
sinistre,B1
service,B1
servante,B1
sentir,B1
semer,B1
seigneur,B1
ravin,B1
purifier,B1
sourd,B1
prudence,B1
osier,B1
onze,B1
ombre,B1
oie,B1
œuvre,B1
numéro,B1
novembre,B1
normal,B1
natal,B1
nager,B1
multicolore,B1
muet,B1
pain,B1
moyen,B1
moindre,B1
modestie,B1
mobile,B1
militaire,B1
meule,B1
métal,B1
mener,B1
médecin,B1
médaille,B1
punition,B1
mauvais,B1
mécanique,B1
morale,B1
palais,B1
mille,B1
panorama,B1
profondément,B1
pâle,B1
propriété,B1
présent,B1
poumon,B1
portée,B1
police,B1
poli,B1
pointu,B1
poignée,B1
pleurer,B1
plateau,B1
plaire,B1
pont,B1
propreté,B1
parfois,B1
plaine,B1
parquet,B1
parc,B1
pâtre,B1
paysage,B1
pas,B1
pelouse,B1
personnage,B1
peuplier,B1
piano,B1
pinson,B1
pelage,B1
accident,B2
accorder,B2
arrière,B2
achever,B2
admirer,B2
adorer,B2
adoucir,B2
adversaire,B2
affaire,B2
application,B2
agrémenter,B2
aiguille,B2
allumette,B2
amical,B2
anglais,B2
annonce,B2
apostolique,B2
aborder,B2
apôtre,B2
affiche,B2
amener,B2
très,B2
violent,B2
surprendre,B2
tambour,B2
art,B2
tard,B2
téléphone,B2
témoigner,B2
terrier,B2
tiède,B2
tôt,B2
voyager,B2
trace,B2
troubler,B2
tuile,B2
vacances,B2
vélo,B2
velouté,B2
verser,B2
vice,B2
vilain,B2
violence,B2
transporter,B2
attentif,B2
collection,B2
aubépine,B2
clouer,B2
colonel,B2
commande,B2
commencement,B2
compliquer,B2
confiance,B2
confier,B2
congrès,B2
consentement,B2
climat,B2
conserver,B2
coquille,B2
cordialement,B2
correction,B2
court,B2
danser,B2
débiter,B2
debout,B2
suprême,B2
déclarer,B2
contenter,B2
attention,B2
clarté,B2
chiffon,B2
aujourd'hui,B2
autoriser,B2
balancer,B2
bâtiment,B2
bienheureux,B2
bijou,B2
blond,B2
bouger,B2
bourdonnement,B2
clairière,B2
bravo,B2
brouter,B2
canne,B2
cas,B2
céleste,B2
champ,B2
chapelet,B2
chauffage,B2
chauffer,B2
chèvre,B2
broder,B2
stupéfaction,B2
pavé,B2
souffrance,B2
moquer,B2
moyenne,B2
ni,B2
obscurité,B2
observation,B2
obtenir,B2
océan,B2
officier,B2
outil,B2
parti,B2
passer,B2
péché,B2
pêcheur,B2
peindre,B2
pension,B2
période,B2
peser,B2
pétale,B2
pieux,B2
monotone,B2
mieux,B2
mien,B2
mensonge,B2
défaire,B2
inspirer,B2
intelligence,B2
joindre,B2
joyeusement,B2
léger,B2
lequel,B2
leur,B2
lisière,B2
placer,B2
longueur,B2
maintenant,B2
malheur,B2
malheureusement,B2
manifester,B2
marier,B2
marquis,B2
masse,B2
massif,B2
mélodieux,B2
lui-même,B2
pleuvoir,B2
plier,B2
poil,B2
retomber,B2
revêtir,B2
rôle,B2
roux,B2
sale,B2
seconde,B2
selon,B2
semblable,B2
sergent,B2
retard,B2
sérieux,B2
seulement,B2
sève,B2
sien,B2
signer,B2
sitôt,B2
situer,B2
solitaire,B2
son,B2
sou,B2
serviette,B2
studieux,B2
respirer,B2
répéter,B2
pompier,B2
préserver,B2
primaire,B2
proclamer,B2
procurer,B2
prodigieux,B2
profiter,B2
promener,B2
proposer,B2
représenter,B2
protéger,B2
prudent,B2
radieux,B2
ranimer,B2
récolter,B2
refroidir,B2
régaler,B2
régler,B2
remplacer,B2
remuer,B2
provision,B2
délicieux,B2
poireau,B2
déposer,B2
portrait,B2
poteau,B2
préau,B2
préférence,B2
présence,B2
programme,B2
propos,B2
prouver,B2
quatrième,B2
quel,B2
race,B2
raide,B2
rameau,B2
réalité,B2
réconforter,B2
refaire,B2
réfectoire,B2
refermer,B2
refuser,B2
portière,B2
porter,B2
pleur,B2
plancher,B2
nu,B2
nullement,B2
oranger,B2
organiser,B2
orgue,B2
orphelin,B2
paisible,B2
pardonner,B2
paroisse,B2
règne,B2
participer,B2
patronage,B2
payer,B2
pencher,B2
pénitence,B2
percher,B2
permettre,B2
personnel,B2
perspective,B2
pétrir,B2
patin,B2
régulièrement,B2
remarquer,B2
remède,B2
sourire,B2
succès,B2
supérieur,B2
talent,B2
tant,B2
teinte,B2
thé,B2
toujours,B2
tourbillon,B2
sort,B2
transformer,B2
tromper,B2
trouer,B2
utiliser,B2
varier,B2
venger,B2
vérité,B2
vicaire,B2
voler,B2
inquiétude,B2
troisième,B2
nommer,B2
signifier,B2
sévir,B2
rencontrer,B2
renverser,B2
reprocher,B2
résoudre,B2
retraite,B2
rigoureux,B2
risquer,B2
rompre,B2
roseau,B2
siècle,B2
sanglot,B2
second,B2
s'écrier,B2
séjour,B2
sembler,B2
s'enfuir,B2
sentiment,B2
sérieusement,B2
serrure,B2
seuil,B2
saut,B2
noix,B2
naissance,B2
museau,B2
enfoncer,B2
engloutir,B2
ensemble,B2
entonner,B2
envier,B2
épais,B2
épouser,B2
époux,B2
estomac,B2
énergique,B2
étaler,B2
exclamation,B2
exemple,B2
expliquer,B2
extérieur,B2
fabrication,B2
facilité,B2
faciliter,B2
fatal,B2
ferrer,B2
étincelle,B2
ficelle,B2
emporter,B2
électricité,B2
dessert,B2
détacher,B2
déterminer,B2
deuil,B2
deuxième,B2
dévorer,B2
différent,B2
diminuer,B2
dîner,B2
émerveiller,B2
dispenser,B2
dizaine,B2
doubler,B2
durant,B2
éclair,B2
éclore,B2
écouler,B2
effort,B2
égarer,B2
élargir,B2
disputer,B2
demander,B2
figurer,B2
flocon,B2
là,B2
las,B2
légèrement,B2
lenteur,B2
litière,B2
longer,B2
manier,B2
manière,B2
manquer,B2
kilomètre,B2
marchander,B2
méditer,B2
meilleur,B2
mélancolique,B2
membre,B2
menton,B2
merveilleusement,B2
mignon,B2
mince,B2
moqueur,B2
mécontent,B2
fléau,B2
jadis,B2
isoler,B2
fond,B2
fourrure,B2
foyer,B2
frémir,B2
front,B2
furieux,B2
grâce,B2
grille,B2
haine,B2
ivoire,B2
héroïque,B2
humble,B2
illuminer,B2
immobile,B2
indiquer,B2
informer,B2
intelligent,B2
intention,B2
inviter,B2
invoquer,B2
honteux,B2
infiniment,B2
vénérer,B2
indispensable,B2
glissant,B2
griffer,B2
grotte,B2
hâte,B2
humain,B2
humeur,B2
humide,B2
important,B2
instant,B2
instruire,B2
intérieur,B2
introduire,B2
ivresse,B2
jeter,B2
juger,B2
labourer,B2
lamentable,B2
lent,B2
lentement,B2
gens,B2
gendarme,B2
gaz,B2
fruitier,B2
équipe,B2
étendre,B2
éternité,B2
expirer,B2
facilement,B2
façon,B2
farce,B2
fermer,B2
feuillage,B2
libérer,B2
février,B2
filet,B2
flacon,B2
flaque,B2
foi,B2
fossé,B2
fouet,B2
fragile,B2
franchement,B2
franchise,B2
fier,B2
lien,B2
localité,B2
loger,B2
pêche,B2
peupler,B2
pic,B2
pigeon,B2
piquer,B2
poirier,B2
pommier,B2
porte-plume,B2
poser,B2
passage,B2
pousser,B2
préparer,B2
président,B2
prêtre,B2
principalement,B2
printemps,B2
prisonnier,B2
privation,B2
profit,B2
propriétaire,B2
poussin,B2
équilibre,B2
parure,B2
onduler,B2
loisir,B2
luisant,B2
lutin,B2
magasin,B2
malgré,B2
manche,B2
manteau,B2
manuel,B2
marin,B2
par,B2
ménagère,B2
milieu,B2
mission,B2
montant,B2
mou,B2
mourir,B2
nombreux,B2
nourriture,B2
office,B2
offrir,B2
mendiant,B2
épée,B2
enseigner,B2
enrichir,B2
berceau,B2
bleuet,B2
bluet,B2
bonnet,B2
bouder,B2
bout,B2
brin,B2
buisson,B2
but,B2
bénir,B2
calice,B2
caractère,B2
casquette,B2
causer,B2
centaine,B2
centre,B2
cerise,B2
chance,B2
changer,B2
charmant,B2
camarade,B2
château,B2
beauté,B2
bandit,B2
inerte,B2
abriter,B2
abuser,B2
actuellement,B2
admiration,B2
adresse,B2
agitation,B2
amusant,B2
animation,B2
bâton,B2
approche,B2
aspirer,B2
atelier,B2
attendre,B2
attirer,B2
attribuer,B2
avance,B2
avoine,B2
ballon,B2
banane,B2
arrivée,B2
quart,B2
chéri,B2
clair,B2
déplacer,B2
dérober,B2
désobéir,B2
détail,B2
deviner,B2
disposer,B2
distraire,B2
distribuer,B2
docile,B2
démolir,B2
doigt,B2
donner,B2
doucement,B2
douzaine,B2
drôle,B2
durer,B2
écrit,B2
éducation,B2
empereur,B2
emplir,B2
dominer,B2
choc,B2
demeure,B2
défendre,B2
clé,B2
clef,B2
clément,B2
coiffure,B2
combat,B2
commerce,B2
communion,B2
conclure,B2
conformément,B2
degré,B2
conseil,B2
contrarier,B2
coquet,B2
couloir,B2
courber,B2
couvert,B2
crayon,B2
culotte,B2
décider,B2
défaut,B2
construire,B2
question,B2
distinction,B2
ralentir,B2
désoler,B2
dessiner,B2
dessous,B2
détourner,B2
dur,B2
échanger,B2
éléphant,B2
encourager,B2
enlever,B2
énormément,B2
enseignement,B2
épauler,B2
éprouver,B2
épuiser,B2
espace,B2
estimer,B2
étagère,B2
étonner,B2
étourdi,B2
désir,B2
descendre,B2
dès,B2
dernièrement,B2
conférence,B2
constituer,B2
convertir,B2
courageux,B2
courant,B2
couronne,B2
coussin,B2
couvent,B2
couver,B2
étranger,B2
craindre,B2
cri,B2
cuir,B2
déchirer,B2
décorer,B2
décourager,B2
défense,B2
déjeuner,B2
délice,B2
déranger,B2
creux,B2
eux,B2
éviter,B2
excuse,B2
général,B2
germer,B2
geste,B2
giboulée,B2
gouvernement,B2
gouverner,B2
graine,B2
grandiose,B2
grand-mère,B2
geler,B2
grappe,B2
habit,B2
île,B2
imagination,B2
imiter,B2
imperméable,B2
imprudence,B2
imprudent,B2
raconter,B2
incendie,B2
grès,B2
composition,B2
géant,B2
froment,B2
expédition,B2
face,B2
faiblesse,B2
faim,B2
favoriser,B2
ferveur,B2
fêter,B2
fièvre,B2
fil,B2
gagner,B2
file,B2
flamme,B2
flot,B2
foie,B2
forestier,B2
forêt,B2
fougère,B2
frais,B2
fraise,B2
franchir,B2
fillette,B2
colline,B2
fameux,B2
coiffer,B2
sept,B2
souffrir,B2
souriant,B2
sublime,B2
surgir,B2
surveiller,B2
suspendre,B2
tâche,B2
tarder,B2
sentier,B2
température,B2
terrestre,B2
toilette,B2
traitement,B2
tranquille,B2
transport,B2
végétal,B2
vérifier,B2
verre,B2
veuf,B2
terminer,B2
vingt,B2
scolaire,B2
satisfaire,B2
raser,B2
recevoir,B2
colère,B2
reconduire,B2
recouvrir,B2
réellement,B2
règle,B2
régulier,B2
rejoindre,B2
saule,B2
religieux,B2
résolution,B2
retourner,B2
reverdir,B2
rider,B2
rond,B2
rouleau,B2
royal,B2
ruisseau,B2
salaire,B2
remercier,B2
abondance,B2
savourer,B2
activité,B2
boucler,B2
bourgeon,B2
brumeux,B2
cache-cache,B2
cadran,B2
calendrier,B2
calmer,B2
ceci,B2
cela,B2
bossu,B2
centimètre,B2
charger,B2
chasser,B2
chausser,B2
chérir,B2
chiffre,B2
activer,B2
choix,B2
cimetière,B2
claquer,B2
chair,B2
bonhomme,B2
caprice,B2
bâtir,B2
agir,B2
afin,B2
blessure,B2
agrément,B2
alerte,B2
allonger,B2
alors,B2
an,B2
appartement,B2
appartenir,B2
amuser,B2
arriver,B2
administration,B2
attentivement,B2
aurore,B2
autant,B2
autel,B2
autorité,B2
banquier,B2
barre,B2
terrasse,C1
vieillard,C1
vêtir,C1
vainqueur,C1
transmettre,C1
travers,C1
torrent,C1
traîneau,C1
villageois,C1
vagabond,C1
voilà,C1
affectueusement,C1
vrai,C1
abandonner,C1
aboyer,C1
acide,C1
appliquer,C1
admettre,C1
affliger,C1
ah,C1
annuel,C1
témoignage,C1
allemand,C1
anniversaire,C1
volaille,C1
téléphoner,C1
rôti,C1
tacheter,C1
renvoyer,C1
repousser,C1
approuver,C1
renfermer,C1
résigner,C1
réussir,C1
rêver,C1
ronronner,C1
ruisselet,C1
s'absenter,C1
sauf,C1
télégramme,C1
sécher,C1
s'éloigner,C1
sévère,C1
sifflement,C1
siffler,C1
sifflet,C1
simplicité,C1
sincérité,C1
soigneux,C1
sommeil,C1
souci,C1
spécial,C1
s'écrouler,C1
argenter,C1
dresser,C1
attacher,C1
darder,C1
démontrer,C1
derrière,C1
désaltérer,C1
diamant,C1
différence,C1
difficile,C1
disparaître,C1
distance,C1
domaine,C1
dommage,C1
créer,C1
don,C1
échec,C1
éclabousser,C1
effectuer,C1
effrayer,C1
égal,C1
égard,C1
embarquer,C1
employé,C1
regretter,C1
entretien,C1
employer,C1
doyen,C1
corolle,C1
coquelicot,C1
convaincre,C1
attraper,C1
baiser,C1
bicyclette,C1
bienfaisant,C1
bourdonner,C1
bourgeonner,C1
campagnard,C1
canot,C1
caresse,C1
céder,C1
ceinture,C1
charrette,C1
chevet,C1
clos,C1
coller,C1
combattre,C1
commandant,C1
commerçant,C1
commercial,C1
compléter,C1
concert,C1
conquérir,C1
consentir,C1
considérer,C1
conter,C1
arrondir,C1
réel,C1
désespoir,C1
recommencer,C1
enterrement,C1
entourer,C1
ériger,C1
espiègle,C1
établissement,C1
évêque,C1
examiner,C1
exécuter,C1
exemplaire,C1
exercice,C1
exister,C1
entasser,C1
façade,C1
flamber,C1
fleurir,C1
français,C1
frêle,C1
fréquent,C1
glissoire,C1
gonfler,C1
grand-père,C1
guêpe,C1
habituel,C1
hanneton,C1
filer,C1
humanité,C1
empressement,C1
écrivain,C1
communal,C1
épargner,C1
compte,C1
condoléances,C1
connaissance,C1
connaître,C1
conseiller,C1
courrier,C1
crêpe,C1
croiser,C1
croître,C1
élan,C1
croquer,C1
d'abord,C1
défiler,C1
dépasser,C1
déployer,C1
dérouler,C1
désert,C1
dicter,C1
distinguer,C1
dorer,C1
dortoir,C1
écraser,C1
cruel,C1
illusion,C1
immaculé,C1
importer,C1
penser,C1
perdrix,C1
perpétuel,C1
perroquet,C1
peut-être,C1
photographie,C1
phrase,C1
pis,C1
plafond,C1
plupart,C1
posséder,C1
patience,C1
poulain,C1
profession,C1
progrès,C1
promettre,C1
propice,C1
providence,C1
public,C1
quelqu'un,C1
queue,C1
rapprocher,C1
rassembler,C1
réciter,C1
préférer,C1
passager,C1
parsemer,C1
paresseux,C1
impression,C1
incident,C1
innocent,C1
insister,C1
intellectuel,C1
intrigué,C1
kilogramme,C1
lancer,C1
majestueux,C1
missionnaire,C1
mobilier,C1
mouiller,C1
mûr,C1
mûrir,C1
naufrage,C1
nègre,C1
neveu,C1
obscur,C1
occasion,C1
œil,C1
oh,C1
opération,C1
orée,C1
paisiblement,C1
pardessus,C1
reconnaître,C1
espèce,C1
naître,C1
étrennes,C1
descente,C1
désobéissance,C1
désormais,C1
difficilement,C1
dissiper,C1
ébats,C1
écorce,C1
effroyable,C1
embaumer,C1
ennui,C1
enquête,C1
dépouiller,C1
environner,C1
épouvanter,C1
exercer,C1
exiger,C1
expression,C1
faner,C1
faux,C1
féliciter,C1
filleul,C1
fréquenter,C1
géranium,C1
gigantesque,C1
envoi,C1
dépôt,C1
défunt,C1
débattre,C1
appeler,C1
arranger,C1
arrêter,C1
atteler,C1
au-dessus,C1
avantageux,C1
azur,C1
bambin,C1
béret,C1
bibelot,C1
bien-aimé,C1
blesser,C1
bouleverser,C1
bûcheron,C1
calvaire,C1
caresser,C1
catéchisme,C1
célébrer,C1
certainement,C1
combattant,C1
commandement,C1
commode,C1
communiquer,C1
condamner,C1
cueillir,C1
gîte,C1
apercevoir,C1
glacer,C1
goûter,C1
prompt,C1
quelconque,C1
quinzaine,C1
rafraîchir,C1
rappeler,C1
rapporter,C1
reconnaissant,C1
redresser,C1
régner,C1
renaître,C1
représentant,C1
projet,C1
résonner,C1
séance,C1
souhaiter,C1
sursaut,C1
tailler,C1
taper,C1
tapisser,C1
toux,C1
tracer,C1
universel,C1
vêpres,C1
vermeil,C1
retrousser,C1
précisément,C1
pré,C1
poing,C1
grêle,C1
gymnastique,C1
héros,C1
hôte,C1
immense,C1
imposer,C1
installer,C1
laisser,C1
logis,C1
mâchoire,C1
maire,C1
malle,C1
mêler,C1
modérer,C1
moral,C1
cirer,C1
nécessaire,C1
négligence,C1
négligent,C1
oser,C1
pan,C1
paraître,C1
parer,C1
percer,C1
poêle,C1
gland,C1
éteindre,C1
annoncer,C1
allégresse,C1
jaillir,C1
jonquille,C1
lasser,C1
lieue,C1
maîtresse,C1
mansarde,C1
marron,C1
maudire,C1
menacer,C1
mérite,C1
messager,C1
interruption,C1
missel,C1
monseigneur,C1
muguet,C1
national,C1
nerveux,C1
nettoyer,C1
nourrir,C1
pâquerette,C1
pareil,C1
parrain,C1
paternel,C1
pâtisserie,C1
moins,C1
institut,C1
impossible,C1
impatient,C1
examen,C1
excursion,C1
exécution,C1
existence,C1
fervent,C1
fiancé,C1
firmament,C1
flatter,C1
frissonner,C1
gai,C1
gâter,C1
générosité,C1
gentiment,C1
goutte,C1
grouper,C1
guichet,C1
guider,C1
habitant,C1
hardi,C1
hasard,C1
hâter,C1
honnête,C1
horizon,C1
hors,C1
hôtel,C1
pécher,C1
amitié,C1
pensionnaire,C1
que,C1
tellement,C1
ténèbres,C1
tenter,C1
tissu,C1
touffu,C1
tourmenter,C1
tournoyer,C1
trait,C1
transparent,C1
trotter,C1
tuyau,C1
supporter,C1
user,C1
ver,C1
verdoyant,C1
vers,C1
voix,C1
vulgaire,C1
abbé,C1
acheminer,C1
administrer,C1
affectionner,C1
aire,C1
aisé,C1
vain,C1
suc,C1
splendide,C1
souffler,C1
précaution,C1
prêter,C1
prodiguer,C1
quai,C1
quantité,C1
quartier,C1
quelquefois,C1
ramasser,C1
rapport,C1
rater,C1
rayonner,C1
réchauffer,C1
récit,C1
redescendre,C1
refléter,C1
renseigner,C1
ressentir,C1
réveiller,C1
révéler,C1
rouiller,C1
ruisseler,C1
science,C1
scier,C1
s'emparer,C1
sens,C1
pourvu,C1
circonstance,C1
ébranler,C1
chaux,C1
parce,C1
que,C1
paresse,C1
passant,C1
passion,C1
plaindre,C1
plainte,C1
plaintif,C1
plan,C1
planer,C1
plein,C1
paradis,C1
plomb,C1
potager,C1
poussière,C1
précieux,C1
précipiter,C1
presser,C1
prêt,C1
printanier,C1
priver,C1
proie,C1
prolonger,C1
prononcer,C1
plutôt,C1
provoquer,C1
ouate,C1
ordinairement,C1
incliner,C1
industriel,C1
inquiet,C1
interdire,C1
invention,C1
képi,C1
là-bas,C1
lanterne,C1
limiter,C1
lointain,C1
longuement,C1
orner,C1
lutter,C1
mélancolie,C1
mériter,C1
meunier,C1
monsieur,C1
musicien,C1
niveau,C1
non,C1
obéissant,C1
obstacle,C1
odorant,C1
opérer,C1
majesté,C1
quatorze,C1
quinze,C1
quitter,C1
spacieux,C1
spécialement,C1
succéder,C1
surmonter,C1
sursauter,C1
trancher,C1
tranquillement,C1
trembler,C1
tricoter,C1
trompette,C1
vaillant,C1
soumettre,C1
vaincre,C1
veine,C1
vigueur,C1
voiler,C1
vraiment,C1
abattre,C1
absent,C1
absolu,C1
acclamer,C1
accord,C1
accuser,C1
acier,C1
veiller,C1
souhait,C1
sonnette,C1
sommet,C1
rang,C1
rassurer,C1
réaliser,C1
réclamer,C1
récompense,C1
reflet,C1
réformer,C1
réfugier,C1
regret,C1
remarquable,C1
renoncer,C1
renseignement,C1
reporter,C1
résister,C1
respect,C1
retirer,C1
rossignol,C1
sain,C1
savoureux,C1
sévèrement,C1
signaler,C1
silencieusement,C1
silencieux,C1
sincère,C1
sinon,C1
imprimer,C1
implorer,C1
ignorer,C1
idéal,C1
butiner,C1
camp,C1
carotte,C1
carrière,C1
casser,C1
cérémonie,C1
chêne,C1
chez,C1
cité,C1
coffre,C1
coffret,C1
border,C1
combler,C1
consacrer,C1
consulter,C1
cordonnier,C1
corriger,C1
couture,C1
creuser,C1
crever,C1
curiosité,C1
débarquer,C1
déboucher,C1
décéder,C1
commencer,C1
bond,C1
boiteux,C1
bienvenue,C1
abondant,C1
absolument,C1
acharner,C1
actuel,C1
affection,C1
affreux,C1
aider,C1
allumer,C1
ancien,C1
apparence,C1
chrétien,C1
appel,C1
araignée,C1
armer,C1
arroser,C1
assurer,C1
attachement,C1
attaquer,C1
auprès,C1
aussitôt,C1
autrui,C1
avancer,C1
aviser,C1
baguette,C1
bétail,C1
décharger,C1
adopter,C1
découper,C1
dégager,C1
exactement,C1
exactitude,C1
expédier,C1
extrémité,C1
flotter,C1
forcer,C1
fouetter,C1
frapper,C1
frontière,C1
gant,C1
garantir,C1
éveiller,C1
gazouillement,C1
giroflée,C1
glisser,C1
gracieux,C1
grippe,C1
guérison,C1
hélas,C1
hêtre,C1
honneur,C1
honorer,C1
humidité,C1
hurler,C1
gentil,C1
évangile,C1
étang,C1
espérance,C1
dehors,C1
déménager,C1
demeurer,C1
départ,C1
désastre,C1
description,C1
dessus,C1
discuter,C1
disparition,C1
duquel,C1
échantillon,C1
éclatant,C1
économiser,C1
effacer,C1
élever,C1
embellir,C1
embrasser,C1
émotion,C1
encadrer,C1
enfouir,C1
enterrer,C1
entièrement,C1
entrer,C1
épouvantable,C1
erreur,C1
décrire,C1
adresser,C1
apparition,C1
affectueux,C1
ravissant,C1
rejeter,C1
relever,C1
remerciement,C1
remporter,C1
renouveler,C1
repasser,C1
reposer,C1
réserver,C1
résistance,C1
résultat,C1
quoique,C1
réveil,C1
ronce,C1
rusé,C1
s'agenouiller,C1
saisir,C1
salut,C1
sautiller,C1
sécurité,C1
seize,C1
sensible,C1
séparer,C1
serrer,C1
rhume,C1
profond,C1
professeur,C1
près,C1
millier,C1
million,C1
miroir,C1
moitié,C1
mystérieux,C1
naturel,C1
négliger,C1
notaire,C1
observer,C1
occupation,C1
occuper,C1
ordonner,C1
pâlir,C1
parages,C1
parfumer,C1
pâture,C1
paysan,C1
pénétrer,C1
péril,C1
permission,C1
persuader,C1
peu,C1
pin,C1
plusieurs,C1
prêcher,C1
sillon,C1
mesurer,C1
sirène,C1
souffle,C1
anneau,C1
appétit,C1
assiette,C1
atteindre,C1
attente,C1
augmenter,C1
aventurer,C1
barreau,C1
basse-cour,C1
bateau,C1
bercer,C1
amer,C1
bouleau,C1
bourgeois,C1
bousculer,C1
brillant,C1
briller,C1
bulletin,C1
célèbre,C1
cependant,C1
cesse,C1
chariot,C1
charrue,C1
aérer,C1
boulevard,C1
amende,C1
alentours,C1
alcool,C1
splendeur,C1
stationner,C1
tantôt,C1
taquiner,C1
tinter,C1
tiroir,C1
tourment,C1
tournant,C1
treize,C1
triomphe,C1
tronc,C1
véhicule,C1
vêtement,C1
viser,C1
voie,C1
abîme,C1
abord,C1
absence,C1
accompagner,C1
accomplir,C1
accourir,C1
agiter,C1
agréer,C1
ainsi,C1
aisément,C1
société,C1
merveilleux,C1
catastrophe,C1
matériel,C1
complètement,C1
composer,C1
constant,C1
continuel,C1
cordial,C1
corps,C1
corridor,C1
cours,C1
craquer,C1
déjà,C1
désirer,C1
comparaison,C1
destiner,C1
divers,C1
dompteur,C1
écarter,C1
éclaircir,C1
éclairer,C1
édifier,C1
effet,C1
élancer,C1
emplacement,C1
enchanté,C1
ennemi,C1
dictionnaire,C1
colonial,C1
circuler,C1
cesser,C1
allure,C1
mendier,C1
alouette,C1
animer,C1
après-midi,C1
arrêt,C1
arrondissement,C1
assidu,C1
assister,C1
aumône,C1
auquel,C1
automne,C1
azuré,C1
baisser,C1
barrière,C1
betterave,C1
bière,C1
boueux,C1
brindille,C1
brouillard,C1
brut,C1
carreau,C1
cendre,C1
cerf,C1
certain,C1
entrain,C1
enveloppe,C1
apporter,C1
espérer,C1
habiter,C1
habitude,C1
hameau,C1
honorable,C1
ignorant,C1
illustrer,C1
imaginer,C1
immédiatement,C1
importance,C1
imposant,C1
imprévu,C1
guérir,C1
influence,C1
interroger,C1
laborieux,C1
laid,C1
lambeau,C1
langage,C1
limpide,C1
lors,C1
loyal,C1
marguerite,C1
manœuvre,C1
envoyer,C1
ingrat,C1
grossier,C1
lumineux,C1
graisse,C1
étirer,C1
grimper,C1
étonnement,C1
expérience,C1
exposer,C1
exprès,C1
extraire,C1
fait,C1
falloir,C1
fauteuil,C1
féroce,C1
fièrement,C1
manœuvrer,C1
flamand,C1
goût,C1
fixer,C1
gourmand,C1
gémir,C1
gâteau,C1
frotter,C1
givre,C1
froisser,C1
frayeur,C1
fraîcheur,C1
fourmi,C1
flèche,C1
tâcher,C2
souiller,C2
sein,C2
réception,C2
quant,C2
procession,C2
pourrir,C2
possession,C2
talus,C2
physique,C2
nœud,C2
ôter,C2
orgueilleux,C2
opinion,C2
interrompre,C2
interpeller,C2
intérêt,C2
intéressant,C2
intense,C2
inonder,C2
inondation,C2
hésiter,C2
pensionnat,C2
tourbillonner,C2
chaland,C2
accueil,C2
théâtre,C2
gibecière,C2
taillis,C2
soupçonner,C2
rôder,C2
ressembler,C2
recommander,C2
obscurcir,C2
intéresser,C2
inquiéter,C2
houille,C2
harmonieux,C2
gaieté,C2
ferraille,C2
excellence,C2
exaucer,C2
entraîner,C2
discours,C2
dessein,C2
déshabiller,C2
bruyant,C2
appui,C2
angoisse,C2
turbulent,C2
exciter,C2
souterrain,C2
gambader,C2
répandre,C2
recueillir,C2
recommandation,C2
rattraper,C2
ranger,C2
projeter,C2
précéder,C2
portefeuille,C2
photographier,C2
périlleux,C2
œillet,C2
néanmoins,C2
maussade,C2
lierre,C2
hygiène,C2
horreur,C2
hérissé,C2
hangar,C2
haillon,C2
habituer,C2
guetter,C2
tunnel,C2
guère,C2
ressource,C2
rez-de-chaussée,C2
scène,C2
s'efforcer,C2
fourmillière,C2
fâcheux,C2
exact,C2
étouffer,C2
empêcher,C2
emballer,C2
écho,C2
différer,C2
délaisser,C2
commander,C2
cathédrale,C2
gêner,C2
carrefour,C2
baptiser,C2
balançoire,C2
apaiser,C2
accabler,C2
abîmer,C2
voûte,C2
vieil,C2
tressaillir,C2
sûr,C2
supposer,C2
sincèrement,C2
bourrasque,C2
vœu,C2
traîner,C2
aiguiser,C2
clin d'œil,C2
bruyamment,C2
anticiper,C2
solliciter,C2
recours,C2
malette,C2
inconvénient,C2
enthousiasme,C2
discussion,C2
croûte,C2
ci-joint,C2
sûrement,C2
scintiller,C2
réflexion,C2
préoccuper,C2
poulailler,C2
impatience,C2
groseillier,C2
disperser,C2
crucifix,C2
constamment,C2
concerner,C2
clown,C2
dégât,C2
affairé,C2
eh,C2
entrouvrir,C2
grincer,C2
fonds,C2
exhaler,C2
remords,C2
impatiemment,C2
football,C2
dépens,C2
carrousel,C2
suffisamment,C2
raccourcir,C2
raccommoder,C2
fréquemment,C2
faine,C2
commission,C2
randonnée,C2
puits,C2
parcours,C2
hôpital,C2
débarrasser,C2
davantage,C2
certes,C2
ailleurs,C2
sympathie,C2
embarras,C2
agacer,C2
velours,C2
successivement,C2
accueillir,C2
abondamment,C2
volontiers,C2
supplier,C2
succulent,C2
serein,C2
rapiécer,C2
offenser,C2
myosotis,C2
monnaie,C2
genêt,C2
familier,C2
embarrasser,C2
désespérer,C2
confus,C2
compassion,C2
chrysanthème,C2
charlatan,C2
bibliothèque,C2
attrait,C2
attester,C2
apprêter,C2
aîné,C2
acquitter,C2
suffire,C2
anxiété,C2
appuyer,C2
solennel,C2
séminaire,C2
raisonnable,C2
pittoresque,C2
moelleux,C2
mât,C2
marronnier,C2
jacinthe,C2
hypocrite,C2
hommage,C2
goal,C2
gaufre,C2
excellent,C2
évidemment,C2
événement,C2
ennuyeux,C2
enflammer,C2
emmener,C2
déchaîner,C2
blottir,C2
bizarre,C2
baptême,C2
asseoir,C2
anxieux,C2
grelotter,C2
acquérir,C2
flatteur,C2
poète,C2
pli,C2
pinceau,C2
paître,C2
obligeance,C2
noircir,C2
nièce,C2
négociant,C2
nécéssité,C2
narcisse,C2
marraine,C2
lâcher,C2
joncher,C2
jaloux,C2
horrible,C2
heurter,C2
halte,C2
haleine,C2
genou,C2
gazouiller,C2
gaiement,C2
foncer,C2
flûte,C2
pois,C2
extrême,C2
quotidien,C2
reparaître,C2
ambulance,C2
abri,C2
abaisser,C2
vaisselle,C2
univers,C2
type,C2
trottoir,C2
triompher,C2
tremper,C2
trajet,C2
traiter,C2
toutefois,C2
tort,C2
tonnerre,C2
symbole,C2
suffisant,C2
style,C2
soyeux,C2
s'empresser,C2
saigner,C2
retardataire,C2
ressort,C2
resplendir,C2
reconnaissance,C2
assaut,C2
extraordinaire,C2
épi,C2
civil,C2
citoyen,C2
citer,C2
ciseaux,C2
chef-d'œuvre,C2
ça,C2
brigand,C2
boîte,C2
bienveillance,C2
bien-être,C2
auparavant,C2
atmosphère,C2
assembler,C2
apprécier,C2
appétissant,C2
août,C2
américain,C2
alcoolique,C2
aisance,C2
aigu,C2
âgé,C2
acclamation,C2
bâiller,C2
colis,C2
essuyer,C2
collège,C2
communiant,C2
envelopper,C2
envahir,C2
encombrer,C2
écureuil,C2
dossier,C2
dimension,C2
difficulté,C2
développer,C2
désobéissant,C2
décision,C2
déception,C2
débris,C2
dater,C2
daigner,C2
cycliste,C2
cueillette,C2
crème,C2
crèche,C2
coûter,C2
confesser,C2
confectionner,C2
condition,C2
communier,C2
colonne,C2
associer,C2
attarder,C2
baigner,C2
verdâtre,C2
végétation,C2
vanter,C2
tilleul,C2
tandis que,C2
tacher,C2
sucer,C2
soutien,C2
sillonner,C2
sermon,C2
secours,C2
rendez-vous,C2
récompenser,C2
procéder,C2
principal,C2
primevère,C2
précédent,C2
poids,C2
persévérer,C2
peiner,C2
parterre,C2
parmi,C2
paletot,C2
vieillesse,C2
orgueil,C2
accepter,C2
aligner,C2
favori,C2
familial,C2
exquis,C2
étinceler,C2
essai,C2
errer,C2
ensoleillé,C2
dédaigner,C2
cygne,C2
correspondance,C2
contempler,C2
condisciple,C2
concours,C2
cime,C2
buis,C2
brèche,C2
bourgmestre,C2
bienveillant,C2
attrister,C2
assez,C2
applaudir,C2
apparaître,C2
ample,C2
accrocher,C2
opposer,C2
oisillon,C2
occasionner,C2
cuillère,C2
cuiller,C2
couronner,C2
contact,C2
consister,C2
conséquence,C2
conscience,C2
comte,C2
compter,C2
communication,C2
commettre,C2
chou,C2
chœur,C2
cheveu,C2
chaîne,C2
central,C2
catholique,C2
caillou,C2
brûler,C2
brûlant,C2
bosselé,C2
barrage,C2
balayer,C2
dépêcher,C2
emploi,C2
endosser,C2
ennuyer,C2
mystère,C2
moissonneur,C2
méthode,C2
match,C2
maint,C2
longtemps,C2
kermesse,C2
indifférent,C2
impossibilité,C2
hermine,C2
hausser,C2
fourrer,C2
habiller,C2
habile,C2
gratter,C2
grand-maman,C2
fouiller,C2
flanc,C2
façonner,C2
fâcher,C2
excuser,C2
étincelant,C2
essayer,C2
envers,C2
habileté,C2
dahlia,C2
